emp_id,first_name,last_name,email,gender
1,Netty,Stritton,nstritton0@sciencedaily.com,Female
2,Gerhardt,Vispo,gvispo1@e-recht24.de,Male
3,Shaylynn,Dundredge,sdundredge2@army.mil,Female
4,Dalston,Belleny,dbelleny3@ft.com,Male
5,Jelene,Skirving,jskirving4@so-net.ne.jp,Female
6,Catina,Wortman,cwortman5@businesswire.com,Female
7,Adelice,Waslin,awaslin6@umn.edu,Female
8,Pasquale,Dowglass,pdowglass7@berkeley.edu,Male
9,Ripley,Echlin,rechlin8@wp.com,Male
10,Joline,Jellico,jjellico9@taobao.com,Female
11,Prentice,Cruz,pcruza@auda.org.au,Male
12,Merrily,Drinan,mdrinanb@telegraph.co.uk,Female
13,Ellynn,Southerell,esoutherellc@ocn.ne.jp,Female
14,Tamera,Manach,tmanachd@posterous.com,Female
15,Lillis,Laurenson,llaurensone@china.com.cn,Female
16,Hephzibah,Scough,hscoughf@loc.gov,Female
17,Filide,Izhak,fizhakg@scribd.com,Female
18,Jacquelin,Ruston,jrustonh@shinystat.com,Female
19,Garreth,Van Hault,gvanhaulti@themeforest.net,Male
20,Jolee,Kneafsey,jkneafseyj@trellian.com,Female
21,Anna-diana,Di Dello,adidellok@vinaora.com,Female
22,Crichton,Lighten,clightenl@examiner.com,Male
23,Zea,Lutman,zlutmanm@earthlink.net,Female
24,Casey,Cuffley,ccuffleyn@bloomberg.com,Male
25,Irene,Saward,isawardo@ovh.net,Female
26,Stavro,Kauble,skaublep@imgur.com,Male
27,Giorgi,Dainton,gdaintonq@purevolume.com,Male
28,Alvis,Sextie,asextier@e-recht24.de,Male
29,Kit,Hellyer,khellyers@de.vu,Female
30,Sharyl,Kennifick,skennifickt@mozilla.com,Female
31,Richardo,Kitchenham,rkitchenhamu@reference.com,Male
32,Osborne,Kidner,okidnerv@hatena.ne.jp,Genderqueer
33,Winna,Upex,wupexw@mail.ru,Female
34,Herb,Kiddell,hkiddellx@godaddy.com,Male
35,Missie,Bruckental,mbruckentaly@state.tx.us,Agender
36,Roxi,Pagelsen,rpagelsenz@prnewswire.com,Female
37,Jone,Blacklidge,jblacklidge10@sciencedaily.com,Male
38,Allyn,Vokes,avokes11@csmonitor.com,Female
39,Alejandro,Goodinson,agoodinson12@chron.com,Genderqueer
40,Alta,Gummie,agummie13@topsy.com,Female
41,Beale,McKag,bmckag14@altervista.org,Male
42,Mari,Haster,mhaster15@dot.gov,Female
43,Linnet,Falkous,lfalkous16@bizjournals.com,Female
44,Goldia,Boydle,gboydle17@mediafire.com,Female
45,Amelina,Braun,abraun18@ucla.edu,Female
46,Creight,Ellingham,cellingham19@hc360.com,Polygender
47,Rena,Denkel,rdenkel1a@loc.gov,Female
48,Mirilla,Grimsell,mgrimsell1b@businessinsider.com,Female
49,Bruno,Dewi,bdewi1c@newyorker.com,Male
50,Trula,Hamberston,thamberston1d@cornell.edu,Female
51,Armand,Bagger,abagger1e@fotki.com,Male
52,Malchy,Seeman,mseeman1f@chronoengine.com,Male
53,Sanford,McLenahan,smclenahan1g@ucoz.ru,Male
54,Etan,Dalgarnocht,edalgarnocht1h@nymag.com,Male
55,Josefina,Pender,jpender1i@phpbb.com,Female
56,Chery,Johantges,cjohantges1j@time.com,Female
57,Morly,Gatenby,mgatenby1k@geocities.com,Male
58,Easter,Vergine,evergine1l@vinaora.com,Female
59,Orel,Truman,otruman1m@forbes.com,Female
60,Beitris,Witherow,bwitherow1n@oaic.gov.au,Female
61,Sholom,Kalinowsky,skalinowsky1o@cornell.edu,Male
62,Ginni,Shute,gshute1p@auda.org.au,Female
63,Jocko,Rizzo,jrizzo1q@fc2.com,Male
64,Neddy,Catley,ncatley1r@ehow.com,Male
65,Hakeem,Klimko,hklimko1s@newyorker.com,Male
66,Remington,Hansell,rhansell1t@is.gd,Male
67,Kaycee,Michele,kmichele1u@adobe.com,Female
68,Esther,Evemy,eevemy1v@ameblo.jp,Female
69,Mignonne,Janacek,mjanacek1w@cnet.com,Female
70,Nickola,Nipper,nnipper1x@cbsnews.com,Male
71,Agathe,McKerron,amckerron1y@cam.ac.uk,Female
72,Herve,Kimmel,hkimmel1z@bbb.org,Male
73,Bobine,Lebang,blebang20@mac.com,Female
74,Esdras,Cars,ecars21@google.com.au,Male
75,Agustin,Callf,acallf22@pbs.org,Male
76,Nanon,Scranedge,nscranedge23@amazon.com,Female
77,Elonore,Von Brook,evonbrook24@about.me,Bigender
78,Anetta,Troup,atroup25@friendfeed.com,Female
79,Robbi,Sandercock,rsandercock26@people.com.cn,Female
80,Lynne,Laffling,llaffling27@loc.gov,Female
81,Brewster,Laing,blaing28@163.com,Male
82,Esdras,Wilfling,ewilfling29@google.pl,Male
83,Giorgia,Brocklesby,gbrocklesby2a@123-reg.co.uk,Female
84,Edna,Avraham,eavraham2b@paypal.com,Female
85,Edeline,McKendo,emckendo2c@usnews.com,Female
86,Durant,Alibone,dalibone2d@dyndns.org,Male
87,Elroy,Pitman,epitman2e@youtu.be,Male
88,Garret,Everiss,geveriss2f@who.int,Male
89,Elnar,Grimsdith,egrimsdith2g@etsy.com,Male
90,Hamid,Hymans,hhymans2h@google.com.au,Male
91,Silas,Enocksson,senocksson2i@homestead.com,Male
92,Jennie,Reuter,jreuter2j@earthlink.net,Female
93,Tabbatha,Eastbrook,teastbrook2k@nasa.gov,Female
94,Persis,Minett,pminett2l@yale.edu,Polygender
95,Bryan,Philipeau,bphilipeau2m@pcworld.com,Male
96,Hildegarde,Moodie,hmoodie2n@state.tx.us,Genderqueer
97,Bathsheba,Winscom,bwinscom2o@macromedia.com,Female
98,Lari,Wolverson,lwolverson2p@prweb.com,Female
99,Astra,Pauncefort,apauncefort2q@epa.gov,Female
100,Philbert,Lampen,plampen2r@loc.gov,Male
101,Ynez,Grant,ygrant2s@globo.com,Female
102,Reginald,Cochran,rcochran2t@mozilla.com,Male
103,Phillie,Frayling,pfrayling2u@hao123.com,Female
104,Korey,Spring,kspring2v@oaic.gov.au,Male
105,Terrill,Alekseicik,talekseicik2w@nsw.gov.au,Male
106,Margot,Dikles,mdikles2x@vk.com,Female
107,Lorinda,Nelhams,lnelhams2y@npr.org,Bigender
108,Calvin,Tear,ctear2z@joomla.org,Polygender
109,Archibold,Vero,avero30@tamu.edu,Male
110,Amelina,de Mendoza,ademendoza31@google.com.br,Female
111,Chan,Rassmann,crassmann32@icq.com,Male
112,Arnie,Linwood,alinwood33@shinystat.com,Male
113,Caprice,Duetsche,cduetsche34@hud.gov,Female
114,Eleonore,Toffolini,etoffolini35@virginia.edu,Female
115,Van,Tettersell,vtettersell36@prweb.com,Male
116,Vassily,Pettengell,vpettengell37@google.de,Male
117,Collin,MacCaffrey,cmaccaffrey38@com.com,Agender
118,Jerrie,McKue,jmckue39@mashable.com,Bigender
119,Brigida,Beebis,bbeebis3a@multiply.com,Female
120,Marti,Burt,mburt3b@japanpost.jp,Female
121,Syd,Bourgaize,sbourgaize3c@tripod.com,Male
122,Derrik,Aldgate,daldgate3d@bbc.co.uk,Male
123,Casandra,Joriot,cjoriot3e@fda.gov,Female
124,Skippy,Loughran,sloughran3f@infoseek.co.jp,Male
125,Matias,Samms,msamms3g@lycos.com,Male
126,Stillmann,Klimke,sklimke3h@aol.com,Male
127,Rollin,Gunbie,rgunbie3i@oakley.com,Male
128,Wilhelm,Ambrosi,wambrosi3j@cargocollective.com,Male
129,Caye,Jiroutek,cjiroutek3k@squarespace.com,Female
130,Felita,Whitington,fwhitington3l@mac.com,Female
131,Kahlil,Westman,kwestman3m@bluehost.com,Non-binary
132,Mariana,Thornham,mthornham3n@icq.com,Female
133,Rollo,Wemes,rwemes3o@google.com.br,Male
134,Mirabella,Inmett,minmett3p@samsung.com,Female
135,Jenifer,Rupert,jrupert3q@mozilla.org,Female
136,Chad,Rearden,crearden3r@senate.gov,Male
137,Lucila,Stidston,lstidston3s@netvibes.com,Female
138,Karlyn,Poltun,kpoltun3t@latimes.com,Female
139,Rawley,Embra,rembra3u@flavors.me,Male
140,Gilda,Dacke,gdacke3v@europa.eu,Female
141,Ham,Conahy,hconahy3w@bbc.co.uk,Male
142,Vinnie,Skunes,vskunes3x@epa.gov,Male
143,Freddy,Salzen,fsalzen3y@typepad.com,Female
144,Kimberly,Aisthorpe,kaisthorpe3z@naver.com,Female
145,Tootsie,Ranby,tranby40@google.fr,Female
146,Killie,Lightowler,klightowler41@cdbaby.com,Male
147,Augusto,Draaisma,adraaisma42@businesswire.com,Male
148,Myer,Edge,medge43@shop-pro.jp,Male
149,Raleigh,Nielson,rnielson44@artisteer.com,Male
150,Derry,Gantzman,dgantzman45@paypal.com,Male
151,Wanda,Domelaw,wdomelaw46@feedburner.com,Female
152,Lancelot,Fleg,lfleg47@flickr.com,Male
153,Cecily,Fifield,cfifield48@admin.ch,Female
154,Ario,Kershaw,akershaw49@google.co.uk,Male
155,Humfrey,Sanpher,hsanpher4a@nsw.gov.au,Male
156,Samantha,Dayborne,sdayborne4b@bluehost.com,Female
157,Dottie,Dy,ddy4c@house.gov,Female
158,Merwin,Swinglehurst,mswinglehurst4d@instagram.com,Agender
159,Margaretha,Sinderland,msinderland4e@prnewswire.com,Female
160,Bailey,Bahde,bbahde4f@who.int,Male
161,Larine,Lowdwell,llowdwell4g@ask.com,Female
162,Lovell,Kilfeder,lkilfeder4h@mail.ru,Male
163,Ernesta,Dibnah,edibnah4i@businessweek.com,Female
164,Eldredge,Probbing,eprobbing4j@cdbaby.com,Male
165,Stanford,Olsson,solsson4k@istockphoto.com,Male
166,Jeremie,Gallehock,jgallehock4l@buzzfeed.com,Male
167,Yovonnda,Foord,yfoord4m@cbsnews.com,Female
168,Kirsteni,Spedroni,kspedroni4n@hp.com,Female
169,Minnie,Guerro,mguerro4o@amazon.co.jp,Genderqueer
170,Bondy,Sifleet,bsifleet4p@bizjournals.com,Agender
171,Abby,Martinovic,amartinovic4q@imgur.com,Male
172,Cassius,Solloway,csolloway4r@nps.gov,Male
173,Candi,Searjeant,csearjeant4s@google.com.br,Agender
174,Faustina,Muehler,fmuehler4t@about.com,Female
175,Egbert,Heeps,eheeps4u@qq.com,Male
176,Jay,Collick,jcollick4v@omniture.com,Male
177,Cristi,Dacre,cdacre4w@archive.org,Female
178,Moss,Rawlinson,mrawlinson4x@bizjournals.com,Male
179,Jerrie,Wolfenden,jwolfenden4y@wired.com,Female
180,Leena,Geikie,lgeikie4z@ow.ly,Female
181,Vikki,Phette,vphette50@yale.edu,Female
182,Farrel,Missen,fmissen51@usnews.com,Male
183,Arlinda,Clemencet,aclemencet52@wired.com,Female
184,Annmaria,Mongan,amongan53@ox.ac.uk,Female
185,Bern,Jansens,bjansens54@google.nl,Male
186,Brana,Admans,badmans55@google.de,Female
187,Zach,Sacher,zsacher56@infoseek.co.jp,Male
188,Israel,Parham,iparham57@chicagotribune.com,Male
189,Aguistin,Wilce,awilce58@npr.org,Male
190,Tamas,Powling,tpowling59@photobucket.com,Male
191,Byrom,Going,bgoing5a@go.com,Male
192,Sharon,Beckhurst,sbeckhurst5b@senate.gov,Female
193,Corbet,Tukesby,ctukesby5c@nydailynews.com,Male
194,Nevsa,Feld,nfeld5d@unesco.org,Female
195,Benetta,Blanchflower,bblanchflower5e@paypal.com,Female
196,Gisella,Smurfit,gsmurfit5f@digg.com,Genderfluid
197,Rudolph,Spon,rspon5g@fastcompany.com,Male
198,Carmine,Kesten,ckesten5h@qq.com,Male
199,August,Leiden,aleiden5i@abc.net.au,Male
200,Arnuad,Austing,aausting5j@vk.com,Male
201,Barnabe,Haxbie,bhaxbie5k@yahoo.com,Male
202,Morgun,Machen,mmachen5l@php.net,Male
203,Nissie,Antuoni,nantuoni5m@google.com,Female
204,Cassie,Prester,cprester5n@etsy.com,Female
205,Matilde,Cornillot,mcornillot5o@storify.com,Female
206,Cosette,Anfosso,canfosso5p@godaddy.com,Female
207,Meryl,Dowty,mdowty5q@discuz.net,Female
208,Ariel,Como,acomo5r@bizjournals.com,Female
209,Arvy,Dunster,adunster5s@indiatimes.com,Male
210,Laurene,Sparey,lsparey5t@miitbeian.gov.cn,Genderqueer
211,Germaine,Giblett,ggiblett5u@ow.ly,Female
212,Costanza,Davidzon,cdavidzon5v@about.me,Female
213,Herculie,Dunstan,hdunstan5w@networksolutions.com,Male
214,Ogdon,Fairbairn,ofairbairn5x@desdev.cn,Male
215,Elwyn,Livens,elivens5y@delicious.com,Male
216,Thain,Bickers,tbickers5z@noaa.gov,Male
217,Sampson,Haggard,shaggard60@msu.edu,Male
218,Gardie,Witnall,gwitnall61@engadget.com,Male
219,Garfield,Shee,gshee62@wordpress.org,Male
220,Kurt,Castellini,kcastellini63@hud.gov,Male
221,Thorny,McKnish,tmcknish64@51.la,Male
222,Langston,Cosins,lcosins65@soundcloud.com,Male
223,Clemmie,Blaksley,cblaksley66@archive.org,Male
224,Karol,Jilkes,kjilkes67@unc.edu,Female
225,Georg,Golland,ggolland68@epa.gov,Male
226,Annelise,Lyles,alyles69@is.gd,Female
227,Justinian,Gamlen,jgamlen6a@timesonline.co.uk,Male
228,Lenora,Van Velde,lvanvelde6b@exblog.jp,Female
229,Debera,Chattock,dchattock6c@google.ru,Female
230,Kikelia,Phillpot,kphillpot6d@rambler.ru,Female
231,Giuseppe,McCallister,gmccallister6e@senate.gov,Male
232,Codi,Nornasell,cnornasell6f@amazon.com,Female
233,Shantee,Figgins,sfiggins6g@cpanel.net,Female
234,Pattin,Murfin,pmurfin6h@ehow.com,Male
235,Franz,Osichev,fosichev6i@weebly.com,Male
236,Quintus,Barney,qbarney6j@ovh.net,Male
237,Francine,Koubu,fkoubu6k@whitehouse.gov,Female
238,Filia,Littlejohn,flittlejohn6l@squidoo.com,Female
239,Armin,Springford,aspringford6m@soup.io,Male
240,Jermaine,Salvadore,jsalvadore6n@discuz.net,Female
241,Cletus,Wasylkiewicz,cwasylkiewicz6o@zimbio.com,Male
242,Mycah,Alforde,malforde6p@blog.com,Male
243,Phaidra,Prater,pprater6q@salon.com,Female
244,Shara,Napper,snapper6r@unicef.org,Female
245,Obadias,Rew,orew6s@ow.ly,Male
246,Evonne,Heindl,eheindl6t@usda.gov,Female
247,Magdalene,Ralph,mralph6u@foxnews.com,Genderqueer
248,Halsey,Micklem,hmicklem6v@admin.ch,Male
249,Emery,McCaig,emccaig6w@slideshare.net,Male
250,Leanora,Rogger,lrogger6x@cam.ac.uk,Female
251,Atlanta,Bullier,abullier6y@admin.ch,Female
252,Emilio,Dashkov,edashkov6z@symantec.com,Male
253,Tulley,Beams,tbeams70@merriam-webster.com,Male
254,Vachel,Dwyr,vdwyr71@marriott.com,Male
255,Brnaba,Trahar,btrahar72@kickstarter.com,Male
256,Benn,MacSkeaghan,bmacskeaghan73@jugem.jp,Male
257,Wallas,Janota,wjanota74@berkeley.edu,Male
258,Star,Nutley,snutley75@gizmodo.com,Agender
259,Ignace,Phizakarley,iphizakarley76@arstechnica.com,Male
260,Roderich,Castagne,rcastagne77@usnews.com,Male
261,Terry,Thomerson,tthomerson78@prlog.org,Female
262,Page,Barnewall,pbarnewall79@newsvine.com,Female
263,Geoff,Kynton,gkynton7a@engadget.com,Male
264,Gwendolen,Masding,gmasding7b@timesonline.co.uk,Female
265,Mathew,Mila,mmila7c@unesco.org,Male
266,Muhammad,Winnett,mwinnett7d@furl.net,Male
267,Augustine,Menichino,amenichino7e@scribd.com,Genderfluid
268,Gris,Jackling,gjackling7f@dot.gov,Male
269,Eddy,Guitt,eguitt7g@barnesandnoble.com,Male
270,Albie,Hairesnape,ahairesnape7h@yandex.ru,Male
271,Garrard,Royan,groyan7i@ovh.net,Male
272,Flinn,Langston,flangston7j@cocolog-nifty.com,Male
273,Shaw,Blewmen,sblewmen7k@spotify.com,Male
274,Gilda,Pickring,gpickring7l@topsy.com,Female
275,Abel,Gamett,agamett7m@vinaora.com,Male
276,Arleen,Regitz,aregitz7n@europa.eu,Female
277,Thibaud,Yate,tyate7o@sphinn.com,Male
278,Gunilla,Collis,gcollis7p@cbsnews.com,Female
279,Wilhelmine,Bunner,wbunner7q@cnn.com,Agender
280,Penrod,McCaighey,pmccaighey7r@scientificamerican.com,Male
281,Toddie,Balden,tbalden7s@tripadvisor.com,Non-binary
282,Marylee,Mitford,mmitford7t@shareasale.com,Female
283,Alf,Fasey,afasey7u@ow.ly,Male
284,Griffith,Bortolozzi,gbortolozzi7v@sourceforge.net,Male
285,Siffre,Roderham,sroderham7w@yahoo.co.jp,Male
286,Elva,Baldcock,ebaldcock7x@geocities.jp,Female
287,Avrom,Ivanishchev,aivanishchev7y@japanpost.jp,Male
288,Jarrod,Trewinnard,jtrewinnard7z@hostgator.com,Male
289,Cornell,Burleton,cburleton80@parallels.com,Non-binary
290,Marley,Karel,mkarel81@arstechnica.com,Female
291,Carmelina,Prine,cprine82@altervista.org,Female
292,Evan,Blazynski,eblazynski83@fc2.com,Male
293,Somerset,Lounds,slounds84@cdc.gov,Male
294,Darline,Ferrick,dferrick85@gravatar.com,Genderfluid
295,Beverie,Malyan,bmalyan86@purevolume.com,Female
296,Mylo,Kordova,mkordova87@webs.com,Male
297,Renae,Harwick,rharwick88@github.io,Female
298,Rey,O'Grogane,rogrogane89@amazon.co.jp,Female
299,Budd,March,bmarch8a@businessweek.com,Male
300,Bruce,Tesimon,btesimon8b@earthlink.net,Male
301,Brigham,Ramiro,bramiro8c@hibu.com,Male
302,Sonnie,Scoggin,sscoggin8d@imdb.com,Female
303,Shepperd,Attwoul,sattwoul8e@booking.com,Male
304,Belita,Gallymore,bgallymore8f@amazon.com,Female
305,Beau,Baudichon,bbaudichon8g@kickstarter.com,Male
306,Marylinda,Bloy,mbloy8h@mozilla.com,Female
307,Briggs,Jakolevitch,bjakolevitch8i@wunderground.com,Male
308,Lettie,O'Loughlin,loloughlin8j@globo.com,Female
309,Trixie,Jeacop,tjeacop8k@photobucket.com,Female
310,Swen,Aleshintsev,saleshintsev8l@ucoz.ru,Male
311,Betta,Dunbobbin,bdunbobbin8m@delicious.com,Female
312,Nevil,Hassin,nhassin8n@alexa.com,Male
313,Thedric,Bedow,tbedow8o@friendfeed.com,Male
314,Cordey,Higounet,chigounet8p@netscape.com,Female
315,Gaylord,Cowden,gcowden8q@posterous.com,Male
316,Brewster,Dimblebee,bdimblebee8r@globo.com,Male
317,Dex,Gauden,dgauden8s@ibm.com,Male
318,Heindrick,McKeighan,hmckeighan8t@time.com,Non-binary
319,Melanie,Culross,mculross8u@yandex.ru,Female
320,Krishna,Malenfant,kmalenfant8v@prweb.com,Male
321,Luigi,Klugel,lklugel8w@ow.ly,Male
322,Liam,Carne,lcarne8x@sohu.com,Male
323,Jozef,Egre,jegre8y@reddit.com,Male
324,Mitchel,Hegarty,mhegarty8z@amazon.co.uk,Male
325,Bevon,Leftly,bleftly90@amazon.co.uk,Male
326,Cecilia,Antoszewski,cantoszewski91@photobucket.com,Female
327,Derwin,Goadbie,dgoadbie92@elpais.com,Male
328,Cad,Huguenet,chuguenet93@marketwatch.com,Male
329,Kynthia,Birtwisle,kbirtwisle94@adobe.com,Female
330,Corette,Fernier,cfernier95@jimdo.com,Female
331,Auberta,Richardeau,arichardeau96@msn.com,Female
332,Leontyne,Mairs,lmairs97@sitemeter.com,Female
333,Alfy,Von Gladbach,avongladbach98@woothemes.com,Male
334,Aryn,Laffoley-Lane,alaffoleylane99@surveymonkey.com,Female
335,Erica,Drews,edrews9a@quantcast.com,Female
336,Brett,Gillyett,bgillyett9b@princeton.edu,Male
337,Broddy,Thulborn,bthulborn9c@nbcnews.com,Polygender
338,Laurene,Corneil,lcorneil9d@1und1.de,Female
339,Baxie,Rigden,brigden9e@free.fr,Male
340,Rois,Romanetti,rromanetti9f@sogou.com,Female
341,Mada,Whitter,mwhitter9g@foxnews.com,Female
342,Barde,Keymer,bkeymer9h@sina.com.cn,Male
343,Basilio,Beever,bbeever9i@google.pl,Male
344,Sayres,Mullen,smullen9j@theguardian.com,Male
345,Ryon,De L'Isle,rdelisle9k@java.com,Male
346,Raymond,Blasetti,rblasetti9l@goodreads.com,Male
347,Michel,Estable,mestable9m@wikispaces.com,Polygender
348,Adrianna,Faithorn,afaithorn9n@ibm.com,Genderqueer
349,Bel,Muncaster,bmuncaster9o@jigsy.com,Female
350,Valentino,Earle,vearle9p@slideshare.net,Genderfluid
351,Nina,Mossom,nmossom9q@blogtalkradio.com,Female
352,Rourke,Eckly,reckly9r@fema.gov,Male
353,Krystalle,Boch,kboch9s@businessinsider.com,Female
354,Bethina,Labusquiere,blabusquiere9t@wufoo.com,Female
355,Connor,Rainbow,crainbow9u@cloudflare.com,Male
356,Yvette,Achromov,yachromov9v@bloglines.com,Female
357,Clemence,Stuck,cstuck9w@answers.com,Female
358,Andreana,McKimmey,amckimmey9x@theglobeandmail.com,Female
359,Rob,Betancourt,rbetancourt9y@intel.com,Male
360,Bonnee,Guiet,bguiet9z@yellowbook.com,Female
361,Kelsi,Simper,ksimpera0@usatoday.com,Female
362,Loree,Besson,lbessona1@google.com.au,Female
363,Christyna,McClary,cmcclarya2@creativecommons.org,Female
364,Thatcher,Hatherill,thatherilla3@themeforest.net,Male
365,Mace,Clarkson,mclarksona4@photobucket.com,Male
366,Delilah,Marcus,dmarcusa5@people.com.cn,Female
367,Ode,Boothebie,oboothebiea6@examiner.com,Male
368,Rhys,Twine,rtwinea7@pagesperso-orange.fr,Male
369,Marsh,Langthorn,mlangthorna8@google.fr,Agender
370,Jermain,McGarvey,jmcgarveya9@geocities.com,Male
371,Emanuel,Leadbetter,eleadbetteraa@twitter.com,Male
372,Janna,Looker,jlookerab@nsw.gov.au,Female
373,Lilllie,Shermore,lshermoreac@seattletimes.com,Non-binary
374,Francis,Cadge,fcadgead@telegraph.co.uk,Male
375,Junina,Minchinden,jminchindenae@moonfruit.com,Non-binary
376,Brendin,Jados,bjadosaf@altervista.org,Non-binary
377,Darrell,Beadell,dbeadellag@scientificamerican.com,Male
378,Micky,MacAndreis,mmacandreisah@webmd.com,Female
379,Guinna,Clow,gclowai@elegantthemes.com,Female
380,Baryram,Grannell,bgrannellaj@unblog.fr,Male
381,Darryl,MacGown,dmacgownak@columbia.edu,Male
382,Christian,Melia,cmeliaal@newyorker.com,Male
383,Lionel,O'Neal,lonealam@icq.com,Male
384,Artair,Dikelin,adikelinan@symantec.com,Male
385,Roxana,Juggings,rjuggingsao@census.gov,Female
386,Lynnet,Emmanuel,lemmanuelap@soundcloud.com,Female
387,Ariella,Gaitone,agaitoneaq@yellowpages.com,Female
388,Shandie,Choupin,schoupinar@usgs.gov,Female
389,Eli,Dearth,edearthas@archive.org,Male
390,Dalt,Bassindale,dbassindaleat@arstechnica.com,Male
391,Kilian,Tippell,ktippellau@smugmug.com,Male
392,Godfree,Josum,gjosumav@businessinsider.com,Genderqueer
393,Shayne,Gadsdon,sgadsdonaw@nps.gov,Male
394,Phebe,Mottini,pmottiniax@abc.net.au,Female
395,Elisabeth,Beynke,ebeynkeay@time.com,Female
396,Kacie,Garvin,kgarvinaz@ovh.net,Female
397,Dew,Colyer,dcolyerb0@tinypic.com,Male
398,Lyndy,Guillou,lguilloub1@histats.com,Female
399,Neile,Fackney,nfackneyb2@dropbox.com,Female
400,Hadrian,Dussy,hdussyb3@ca.gov,Male
401,Adriana,Toopin,atoopinb4@unicef.org,Female
402,Barnett,Fermer,bfermerb5@upenn.edu,Non-binary
403,Normie,Thomen,nthomenb6@usgs.gov,Male
404,Vina,Soutar,vsoutarb7@zdnet.com,Female
405,Rikki,Drinkall,rdrinkallb8@clickbank.net,Genderqueer
406,Hugibert,Thying,hthyingb9@tuttocitta.it,Genderqueer
407,Pepita,Houlridge,phoulridgeba@mapy.cz,Bigender
408,Tarrance,Greatbach,tgreatbachbb@constantcontact.com,Male
409,Clementina,Waadenburg,cwaadenburgbc@istockphoto.com,Female
410,Zaneta,Zeal,zzealbd@ow.ly,Genderfluid
411,Harris,Beer,hbeerbe@nifty.com,Male
412,Aleda,Yarrall,ayarrallbf@arstechnica.com,Female
413,Madelin,Girodin,mgirodinbg@cdbaby.com,Female
414,Jeremiah,Esilmon,jesilmonbh@php.net,Male
415,Petr,Devaney,pdevaneybi@sfgate.com,Male
416,Blithe,Lutman,blutmanbj@netvibes.com,Female
417,Delano,Axworthy,daxworthybk@quantcast.com,Male
418,Brynne,Dumigan,bdumiganbl@fotki.com,Female
419,Roderic,Quarles,rquarlesbm@examiner.com,Male
420,Reinald,Briance,rbriancebn@odnoklassniki.ru,Agender
421,Bron,Fiddymont,bfiddymontbo@infoseek.co.jp,Male
422,Meg,Hamnet,mhamnetbp@vistaprint.com,Female
423,Jordon,Topliss,jtoplissbq@discuz.net,Male
424,Cob,Soeiro,csoeirobr@joomla.org,Male
425,Rollins,Marlin,rmarlinbs@umn.edu,Male
426,Bryant,McEwan,bmcewanbt@ovh.net,Male
427,Alec,Wallege,awallegebu@simplemachines.org,Male
428,Dorian,Zellmer,dzellmerbv@howstuffworks.com,Male
429,Cirstoforo,Newitt,cnewittbw@usatoday.com,Male
430,Don,Elloit,delloitbx@google.de,Male
431,Pamela,Soldan,psoldanby@bluehost.com,Female
432,Freddie,Kennermann,fkennermannbz@admin.ch,Bigender
433,Pet,Shapcott,pshapcottc0@artisteer.com,Female
434,Lexi,Lefridge,llefridgec1@wordpress.com,Female
435,Boris,Jewel,bjewelc2@walmart.com,Genderfluid
436,Hercules,Hriinchenko,hhriinchenkoc3@ocn.ne.jp,Male
437,Ynez,Dunckley,ydunckleyc4@springer.com,Female
438,Vergil,Cleaver,vcleaverc5@networkadvertising.org,Male
439,Carey,Salmon,csalmonc6@cbc.ca,Male
440,Amerigo,Dozdill,adozdillc7@hud.gov,Male
441,Gnni,Foulks,gfoulksc8@jimdo.com,Female
442,Shellie,Heathorn,sheathornc9@last.fm,Female
443,Nigel,McCartney,nmccartneyca@cnbc.com,Male
444,Tully,Lumsdall,tlumsdallcb@sphinn.com,Male
445,Giacopo,Grimsdyke,ggrimsdykecc@dmoz.org,Male
446,Danika,Gold,dgoldcd@miitbeian.gov.cn,Genderqueer
447,Elfie,Noore,enoorece@typepad.com,Female
448,Dinah,Antonignetti,dantonignetticf@hugedomains.com,Female
449,Alexei,Pilkington,apilkingtoncg@t-online.de,Male
450,Gail,Neames,gneamesch@domainmarket.com,Female
451,Adrienne,Siddaley,asiddaleyci@blog.com,Female
452,Shell,Minard,sminardcj@ning.com,Male
453,Fidela,Bang,fbangck@163.com,Female
454,Kristine,Gullivent,kgulliventcl@va.gov,Female
455,Lorie,Poynzer,lpoynzercm@1688.com,Female
456,Tiena,Bakeup,tbakeupcn@webmd.com,Female
457,Catherine,Anstead,cansteadco@washington.edu,Female
458,Reine,Lonsbrough,rlonsbroughcp@bravesites.com,Female
459,Jobey,Bagnall,jbagnallcq@bigcartel.com,Female
460,Bartolomeo,Lannen,blannencr@about.me,Polygender
461,Rossie,Newtown,rnewtowncs@ed.gov,Male
462,Hastings,Pheasant,hpheasantct@msn.com,Male
463,Melessa,Chalice,mchalicecu@ifeng.com,Female
464,Jaymie,Bridgstock,jbridgstockcv@posterous.com,Male
465,Nichole,Doberer,ndoberercw@google.co.uk,Female
466,Marne,Reggio,mreggiocx@ucoz.com,Polygender
467,Powell,Dowle,pdowlecy@latimes.com,Male
468,Osborn,Smythin,osmythincz@cyberchimps.com,Male
469,Octavius,Roskams,oroskamsd0@prweb.com,Male
470,Salmon,Willoway,swillowayd1@ning.com,Male
471,Phillie,Minshull,pminshulld2@blogtalkradio.com,Female
472,Willis,Cuzen,wcuzend3@salon.com,Male
473,Cordie,Eouzan,ceouzand4@google.nl,Male
474,Helena,Martindale,hmartindaled5@angelfire.com,Female
475,Orlan,Dewdeny,odewdenyd6@latimes.com,Male
476,Neal,Grayston,ngraystond7@ebay.com,Male
477,Monte,Perrington,mperringtond8@dell.com,Male
478,Karim,Osgerby,kosgerbyd9@state.gov,Male
479,Illa,Cannell,icannellda@usnews.com,Female
480,Aloysia,Broggini,abrogginidb@vinaora.com,Female
481,Jocelin,Wealleans,jwealleansdc@blinklist.com,Female
482,Beatrice,Gonzales,bgonzalesdd@berkeley.edu,Female
483,Alasdair,Westhofer,awesthoferde@com.com,Male
484,Duky,Friel,dfrieldf@rambler.ru,Male
485,Whitaker,Cruickshank,wcruickshankdg@taobao.com,Male
486,Danny,Scotti,dscottidh@spotify.com,Male
487,Ranique,Diggell,rdiggelldi@sina.com.cn,Female
488,Pearl,O'Malley,pomalleydj@loc.gov,Female
489,Rocky,Hardway,rhardwaydk@amazon.co.uk,Male
490,William,Hearsey,whearseydl@paginegialle.it,Male
491,Chase,Sheivels,csheivelsdm@symantec.com,Male
492,Evered,L'Amie,elamiedn@miitbeian.gov.cn,Male
493,Hunfredo,Poyle,hpoyledo@ca.gov,Genderfluid
494,Nahum,Glidder,nglidderdp@ucla.edu,Male
495,Estella,Atto,eattodq@china.com.cn,Female
496,Tasha,Edland,tedlanddr@aol.com,Genderfluid
497,Lark,Maplethorp,lmaplethorpds@wix.com,Female
498,Gilbertina,Pointon,gpointondt@state.tx.us,Female
499,Sibella,Pulfer,spulferdu@about.me,Female
500,Barnie,Gutans,bgutansdv@illinois.edu,Male
501,Clementina,Stoving,cstovingdw@miitbeian.gov.cn,Female
502,Avigdor,Dainton,adaintondx@upenn.edu,Male
503,Lenora,Malthus,lmalthusdy@discovery.com,Female
504,Pierette,Larraway,plarrawaydz@discovery.com,Female
505,Chelsey,Speaks,cspeakse0@reference.com,Female
506,Vicky,Chevins,vchevinse1@jigsy.com,Female
507,Sharline,Kimberly,skimberlye2@amazon.co.uk,Female
508,Blythe,Venneur,bvenneure3@wordpress.org,Female
509,Rickie,Roussel,rroussele4@shop-pro.jp,Female
510,Raviv,Desson,rdessone5@github.io,Bigender
511,Lyndell,Antonoyev,lantonoyeve6@berkeley.edu,Female
512,Dorothee,Barroux,dbarrouxe7@comsenz.com,Female
513,Wyn,Croux,wcrouxe8@bigcartel.com,Male
514,Waite,Harriot,wharriote9@independent.co.uk,Male
515,Dannie,Innwood,dinnwoodea@spotify.com,Female
516,Nanny,Epelett,nepeletteb@gnu.org,Female
517,Yorke,Magowan,ymagowanec@amazon.de,Male
518,Jeana,Marin,jmarined@smugmug.com,Polygender
519,Jacklin,Blackaller,jblackalleree@tumblr.com,Female
520,Gerhardt,Brydell,gbrydellef@forbes.com,Male
521,Patrice,Ayllett,paylletteg@addthis.com,Male
522,Lester,Boice,lboiceeh@163.com,Male
523,Idelle,Jago,ijagoei@squarespace.com,Female
524,Dayna,Flewett,dflewettej@linkedin.com,Female
525,Kevina,Savin,ksavinek@woothemes.com,Female
526,Carleton,O'Finan,cofinanel@nhs.uk,Male
527,Karyl,O'Connel,koconnelem@sphinn.com,Female
528,Rice,Roof,rroofen@hud.gov,Genderfluid
529,Marlowe,Luck,mluckeo@nymag.com,Male
530,Cobby,Scinelli,cscinelliep@mozilla.com,Male
531,Marielle,Havercroft,mhavercrofteq@cisco.com,Female
532,Tanhya,D'Aeth,tdaether@nps.gov,Female
533,Suzann,Chastanet,schastanetes@jiathis.com,Female
534,Bren,Wroughton,bwroughtonet@taobao.com,Female
535,Chet,Eastment,ceastmenteu@europa.eu,Male
536,Tabby,Yeates,tyeatesev@studiopress.com,Agender
537,Agnesse,Ferrucci,aferrucciew@skyrock.com,Female
538,Gino,Tribbeck,gtribbeckex@merriam-webster.com,Male
539,Lambert,Korbmaker,lkorbmakerey@pen.io,Male
540,Corny,Dunk,cdunkez@goodreads.com,Male
541,Janis,Chastaing,jchastaingf0@homestead.com,Female
542,Francklin,Copnar,fcopnarf1@bandcamp.com,Male
543,Lisle,Peare,lpearef2@boston.com,Male
544,Keri,McCrone,kmccronef3@tmall.com,Female
545,Evelina,Zelland,ezellandf4@google.nl,Female
546,Raina,Covet,rcovetf5@dailymail.co.uk,Female
547,Stanfield,Miskin,smiskinf6@comsenz.com,Male
548,Kimberly,Lowndes,klowndesf7@forbes.com,Female
549,Cortie,Townes,ctownesf8@ovh.net,Male
550,Desirae,Yapp,dyappf9@businessweek.com,Female
551,Reuven,Wigin,rwiginfa@cdc.gov,Non-binary
552,Courtnay,Burgwin,cburgwinfb@typepad.com,Female
553,Bronson,Aronson,baronsonfc@pinterest.com,Male
554,Maximilien,Brightey,mbrighteyfd@edublogs.org,Male
555,Siana,Breznovic,sbreznovicfe@utexas.edu,Female
556,Davina,Anstead,dansteadff@reuters.com,Female
557,Torrin,Brito,tbritofg@quantcast.com,Male
558,Garald,Matevushev,gmatevushevfh@github.io,Male
559,Kassey,Mockler,kmocklerfi@w3.org,Female
560,Selina,Pountain,spountainfj@loc.gov,Female
561,Kendre,Underwood,kunderwoodfk@constantcontact.com,Female
562,Moses,Ostick,mostickfl@t-online.de,Male
563,Kitti,Jenman,kjenmanfm@nhs.uk,Bigender
564,Pete,Bizley,pbizleyfn@shop-pro.jp,Male
565,Ignace,Bernaldo,ibernaldofo@dedecms.com,Male
566,Mathe,Skryne,mskrynefp@cocolog-nifty.com,Male
567,Dino,Hast,dhastfq@java.com,Male
568,Mendel,Kemm,mkemmfr@noaa.gov,Male
569,Mariel,Forsdyke,mforsdykefs@liveinternet.ru,Female
570,Reina,Toft,rtoftft@independent.co.uk,Female
571,Barnie,Chichgar,bchichgarfu@ucoz.com,Male
572,Braden,Fitzsimmons,bfitzsimmonsfv@shop-pro.jp,Male
573,Averyl,Letchmore,aletchmorefw@deviantart.com,Female
574,Blinnie,Duffell,bduffellfx@usatoday.com,Female
575,Devland,Skeates,dskeatesfy@walmart.com,Male
576,Luce,Shervil,lshervilfz@independent.co.uk,Male
577,Hayden,Werendell,hwerendellg0@paginegialle.it,Non-binary
578,Alfy,Dyson,adysong1@cocolog-nifty.com,Female
579,Vin,Murby,vmurbyg2@vkontakte.ru,Male
580,Jordan,Lambrick,jlambrickg3@alexa.com,Male
581,Obed,Forker,oforkerg4@blogtalkradio.com,Male
582,Birdie,Emig,bemigg5@walmart.com,Female
583,Freddi,Di Maggio,fdimaggiog6@hhs.gov,Non-binary
584,Shayla,Rembrant,srembrantg7@toplist.cz,Female
585,Filip,Eddow,feddowg8@free.fr,Male
586,Lyndy,Rosengarten,lrosengarteng9@newsvine.com,Female
587,Pauline,Windham,pwindhamga@goodreads.com,Female
588,Marty,Lenney,mlenneygb@scribd.com,Female
589,Rochette,Spinley,rspinleygc@flickr.com,Female
590,Maximo,Benzi,mbenzigd@google.it,Male
591,Parker,Purchase,ppurchasege@upenn.edu,Male
592,Sunshine,Flintiff,sflintiffgf@hatena.ne.jp,Female
593,Davis,Diprose,ddiprosegg@icio.us,Male
594,Fabe,Nickell,fnickellgh@bloglines.com,Male
595,Gale,MacGow,gmacgowgi@yellowbook.com,Male
596,Leanora,Derham,lderhamgj@ft.com,Female
597,Major,Ebertz,mebertzgk@bloglines.com,Male
598,Chariot,Gosby,cgosbygl@sciencedirect.com,Male
599,Marga,Portchmouth,mportchmouthgm@github.io,Female
600,Latisha,Dallemore,ldallemoregn@4shared.com,Female
601,Lethia,Bake,lbakego@cbc.ca,Agender
602,Cecilia,Ingall,cingallgp@last.fm,Female
603,Randy,Punshon,rpunshongq@cpanel.net,Male
604,Otho,Colthurst,ocolthurstgr@vkontakte.ru,Male
605,Ines,Oakman,ioakmangs@indiegogo.com,Female
606,Matty,Magnay,mmagnaygt@reuters.com,Male
607,Amabel,McDougle,amcdouglegu@yale.edu,Female
608,Barnaby,Fierro,bfierrogv@buzzfeed.com,Male
609,Sheila,Dunn,sdunngw@drupal.org,Female
610,Minette,Harder,mhardergx@cyberchimps.com,Female
611,Roxie,Wall,rwallgy@tinypic.com,Female
612,Mel,Jammes,mjammesgz@ustream.tv,Female
613,Clarine,McKomb,cmckombh0@fda.gov,Female
614,Jammie,Hansman,jhansmanh1@jimdo.com,Female
615,Wadsworth,Napier,wnapierh2@t-online.de,Polygender
616,Reagan,Upham,ruphamh3@paginegialle.it,Male
617,Yalonda,Schreiner,yschreinerh4@huffingtonpost.com,Female
618,Gabbie,Chiswell,gchiswellh5@prweb.com,Male
619,Murdoch,Worsam,mworsamh6@reference.com,Male
620,Fabiano,Crathern,fcrathernh7@telegraph.co.uk,Non-binary
621,Jarib,Gregorowicz,jgregorowiczh8@xing.com,Male
622,Sherrie,Ofen,sofenh9@psu.edu,Female
623,Corey,Estcot,cestcotha@nationalgeographic.com,Female
624,Jone,Garforth,jgarforthhb@is.gd,Male
625,Haydon,Malenoir,hmalenoirhc@ebay.com,Male
626,Ruby,Wahncke,rwahnckehd@technorati.com,Agender
627,Hilliard,Buddell,hbuddellhe@github.com,Male
628,Romeo,Cathrall,rcathrallhf@wordpress.com,Male
629,Rufus,Hames,rhameshg@kickstarter.com,Male
630,Westbrook,Honsch,whonschhh@nifty.com,Male
631,Chalmers,Wearne,cwearnehi@barnesandnoble.com,Male
632,Devora,Sproule,dsproulehj@sina.com.cn,Female
633,Carolan,Hardesty,chardestyhk@altervista.org,Female
634,Wynn,Sleicht,wsleichthl@gmpg.org,Female
635,Morris,McDugal,mmcdugalhm@slideshare.net,Male
636,Dulce,Bassindale,dbassindalehn@vk.com,Female
637,Rodrigo,Barca,rbarcaho@etsy.com,Male
638,Trueman,Cupper,tcupperhp@discuz.net,Male
639,Clarie,Huchot,chuchothq@blogs.com,Female
640,Hillyer,Painswick,hpainswickhr@bbc.co.uk,Male
641,Pearce,Badsworth,pbadsworthhs@boston.com,Male
642,Phip,Boncore,pboncoreht@fema.gov,Male
643,Kristofer,Larchier,klarchierhu@squidoo.com,Male
644,Antonia,Denty,adentyhv@wp.com,Female
645,Lory,Diviney,ldivineyhw@imdb.com,Female
646,Damaris,Rosiello,drosiellohx@yellowbook.com,Female
647,Chester,Nare,cnarehy@yellowbook.com,Male
648,Rafaela,Field,rfieldhz@howstuffworks.com,Female
649,Staffard,Mieville,smievillei0@hao123.com,Male
650,Siobhan,Bubbings,sbubbingsi1@godaddy.com,Female
651,Damiano,O'Griffin,dogriffini2@reddit.com,Male
652,Eugenius,Trevallion,etrevallioni3@bloglovin.com,Male
653,Hertha,Sampey,hsampeyi4@histats.com,Female
654,Zola,Klimes,zklimesi5@webnode.com,Female
655,Griffith,Debney,gdebneyi6@moonfruit.com,Male
656,Maxim,Oager,moageri7@smh.com.au,Male
657,Clemmy,Oakenfull,coakenfulli8@instagram.com,Male
658,Stirling,Lukesch,slukeschi9@tamu.edu,Genderfluid
659,Mike,Chamberlain,mchamberlainia@cyberchimps.com,Male
660,Giles,Antos,gantosib@yahoo.co.jp,Non-binary
661,Evaleen,Bellham,ebellhamic@economist.com,Female
662,Gilles,Tramel,gtramelid@ocn.ne.jp,Male
663,Genvieve,Gauntley,ggauntleyie@europa.eu,Female
664,Umeko,Beebe,ubeebeif@pbs.org,Agender
665,Kai,Hissie,khissieig@nationalgeographic.com,Female
666,Roxana,Summerson,rsummersonih@theatlantic.com,Female
667,Cyrill,Lefley,clefleyii@miitbeian.gov.cn,Male
668,Cecile,Burchall,cburchallij@tamu.edu,Female
669,Ermanno,Klarzynski,eklarzynskiik@paypal.com,Male
670,Ichabod,MacFall,imacfallil@admin.ch,Male
671,Purcell,Lloyds,plloydsim@histats.com,Male
672,Layla,Blown,lblownin@vinaora.com,Female
673,Sher,Biddleston,sbiddlestonio@youku.com,Female
674,Penrod,Kearle,pkearleip@npr.org,Male
675,Cirstoforo,Marham,cmarhamiq@spiegel.de,Non-binary
676,Terri,Savidge,tsavidgeir@usgs.gov,Male
677,Vale,Pearson,vpearsonis@com.com,Male
678,Gregorius,Procter,gprocterit@phoca.cz,Genderfluid
679,Leon,Cottage,lcottageiu@kickstarter.com,Male
680,Noelyn,Pothbury,npothburyiv@shutterfly.com,Agender
681,Flossy,Hassett,fhassettiw@opera.com,Female
682,Kendrick,Farfolomeev,kfarfolomeevix@rakuten.co.jp,Male
683,Aida,Barnewelle,abarnewelleiy@deliciousdays.com,Female
684,Brigg,Jenne,bjenneiz@ucoz.com,Male
685,Elwira,Amorine,eamorinej0@surveymonkey.com,Female
686,Brnaba,Macrae,bmacraej1@squidoo.com,Male
687,Orlan,Greensite,ogreensitej2@yolasite.com,Male
688,Marlow,Grummitt,mgrummittj3@csmonitor.com,Male
689,Tadio,Gotcher,tgotcherj4@cbsnews.com,Male
690,Winifred,Thomsen,wthomsenj5@globo.com,Female
691,Kay,Kapiloff,kkapiloffj6@hud.gov,Female
692,Somerset,Parkisson,sparkissonj7@state.tx.us,Male
693,Arlee,Kissock,akissockj8@deviantart.com,Female
694,Merrill,Boni,mbonij9@shinystat.com,Female
695,Julie,Coils,jcoilsja@whitehouse.gov,Agender
696,Bridget,Olorenshaw,bolorenshawjb@blogs.com,Female
697,Meriel,Fullstone,mfullstonejc@ezinearticles.com,Female
698,Clemmy,Pebworth,cpebworthjd@soundcloud.com,Female
699,Bary,Boddymead,bboddymeadje@bigcartel.com,Male
700,Ethe,Hawyes,ehawyesjf@boston.com,Male
701,Michel,Boot,mbootjg@lulu.com,Female
702,Renard,Rennox,rrennoxjh@sfgate.com,Male
703,Jacquelin,Suddell,jsuddellji@dot.gov,Bigender
704,Myrilla,Beeze,mbeezejj@woothemes.com,Female
705,Ivory,Amphlett,iamphlettjk@weather.com,Female
706,Orrin,Pelerin,opelerinjl@smugmug.com,Male
707,Layton,Dobrovsky,ldobrovskyjm@constantcontact.com,Male
708,Jabez,Marsh,jmarshjn@forbes.com,Male
709,Nathanial,Satch,nsatchjo@phoca.cz,Male
710,Jacob,Elcombe,jelcombejp@cornell.edu,Male
711,Danila,Fish,dfishjq@moonfruit.com,Female
712,Elsi,Jeannenet,ejeannenetjr@smugmug.com,Female
713,Keri,Mansbridge,kmansbridgejs@nih.gov,Female
714,Codi,Thelwll,cthelwlljt@sciencedirect.com,Male
715,Cami,Crockatt,ccrockattju@hexun.com,Female
716,Woodrow,Brosel,wbroseljv@networksolutions.com,Male
717,Huntlee,Ibbison,hibbisonjw@about.com,Male
718,Moritz,Legonidec,mlegonidecjx@technorati.com,Male
719,Jamill,Lambell,jlambelljy@canalblog.com,Male
720,Anatole,Upcraft,aupcraftjz@dailymotion.com,Male
721,Nowell,McPherson,nmcphersonk0@barnesandnoble.com,Male
722,Armand,Josskoviz,ajosskovizk1@epa.gov,Male
723,Lombard,Loadwick,lloadwickk2@accuweather.com,Male
724,Milicent,Franciottoi,mfranciottoik3@dagondesign.com,Female
725,Jethro,Morgans,jmorgansk4@nytimes.com,Male
726,Wilhelm,Arndt,warndtk5@geocities.jp,Bigender
727,Talbert,Wellbank,twellbankk6@gov.uk,Male
728,Sashenka,Mays,smaysk7@wordpress.org,Female
729,Josy,Greenroa,jgreenroak8@timesonline.co.uk,Female
730,Sherill,Ceschelli,sceschellik9@webnode.com,Female
731,Misti,Gravenor,mgravenorka@umn.edu,Female
732,Idaline,Suart,isuartkb@statcounter.com,Female
733,Romain,Hatwell,rhatwellkc@freewebs.com,Male
734,Benedikt,Gonnet,bgonnetkd@techcrunch.com,Male
735,Tonnie,Rodgman,trodgmanke@prweb.com,Male
736,Willi,Marzelli,wmarzellikf@bandcamp.com,Female
737,Hanna,Abbe,habbekg@amazonaws.com,Female
738,Zsa zsa,Pagan,zpagankh@diigo.com,Female
739,Lowell,Daldan,ldaldanki@hostgator.com,Male
740,Osbourn,Schimann,oschimannkj@harvard.edu,Male
741,Randolf,Addess,raddesskk@umich.edu,Genderfluid
742,Nealon,Yves,nyveskl@nba.com,Genderqueer
743,Mick,Byrde,mbyrdekm@mysql.com,Male
744,Brent,Blackmuir,bblackmuirkn@mozilla.org,Male
745,Dukey,Blackeby,dblackebyko@bigcartel.com,Male
746,Jammal,Itzhaki,jitzhakikp@cargocollective.com,Male
747,Noelani,Impleton,nimpletonkq@hud.gov,Female
748,Georgy,Josefer,gjoseferkr@plala.or.jp,Non-binary
749,Novelia,Polin,npolinks@cnn.com,Female
750,Barbe,Downing,bdowningkt@tamu.edu,Genderfluid
751,Gracia,Risbridger,grisbridgerku@engadget.com,Female
752,Mathian,McEnery,mmcenerykv@nps.gov,Male
753,Dorotea,Cicullo,dcicullokw@mit.edu,Female
754,Willetta,Towson,wtowsonkx@columbia.edu,Female
755,Lloyd,Asel,laselky@yahoo.co.jp,Genderfluid
756,Wiatt,Gyse,wgysekz@dmoz.org,Male
757,Brenden,Filippucci,bfilippuccil0@twitter.com,Male
758,Martyn,Lordon,mlordonl1@gmpg.org,Bigender
759,Gratia,Mollnar,gmollnarl2@xinhuanet.com,Female
760,Maddy,Cragoe,mcragoel3@fc2.com,Male
761,Toddie,Gossop,tgossopl4@rambler.ru,Male
762,Tore,Hamblin,thamblinl5@google.nl,Male
763,Shamus,Du Plantier,sduplantierl6@freewebs.com,Male
764,Efrem,McKitterick,emckitterickl7@ustream.tv,Male
765,Upton,Guiness,uguinessl8@parallels.com,Male
766,Hedvige,Tremain,htremainl9@apache.org,Female
767,Cissiee,De Roberto,cderobertola@nih.gov,Female
768,Brandtr,Grinval,bgrinvallb@oaic.gov.au,Male
769,Christen,Muggach,cmuggachlc@comcast.net,Female
770,Claudine,Guerriero,cguerrierold@nba.com,Female
771,Hailee,Udall,hudallle@delicious.com,Female
772,Barry,Le Surf,blesurflf@technorati.com,Male
773,Paddie,Mottinelli,pmottinellilg@loc.gov,Polygender
774,Barney,Haggie,bhaggielh@is.gd,Male
775,Pauly,Eliez,peliezli@unesco.org,Male
776,Reggy,Shobrook,rshobrooklj@360.cn,Male
777,Lemmy,Leggon,lleggonlk@whitehouse.gov,Male
778,Teodora,Anglin,tanglinll@sakura.ne.jp,Female
779,Fletcher,Peacock,fpeacocklm@jimdo.com,Male
780,Gordie,Readings,greadingsln@uiuc.edu,Male
781,Shelton,Spenceley,sspenceleylo@china.com.cn,Male
782,Lalo,Mityashin,lmityashinlp@de.vu,Male
783,Brendis,Pickless,bpicklesslq@vinaora.com,Male
784,Opalina,Webley,owebleylr@is.gd,Female
785,Brittni,Biggen,bbiggenls@businessweek.com,Non-binary
786,Michaeline,Causnett,mcausnettlt@homestead.com,Female
787,Ludvig,Arthurs,larthurslu@statcounter.com,Male
788,Alvin,Hamshar,ahamsharlv@webs.com,Agender
789,Sindee,Tourville,stourvillelw@flavors.me,Female
790,Britney,Greatrex,bgreatrexlx@howstuffworks.com,Female
791,Moritz,O'Caherny,mocahernyly@dagondesign.com,Male
792,Matias,Meriot,mmeriotlz@japanpost.jp,Polygender
793,Datha,Stemson,dstemsonm0@sun.com,Female
794,Nikolaos,Zini,nzinim1@amazon.com,Male
795,Wally,Toffaloni,wtoffalonim2@accuweather.com,Male
796,Corbet,Newvell,cnewvellm3@wisc.edu,Male
797,Man,Wenderoth,mwenderothm4@businesswire.com,Male
798,Barry,Ganing,bganingm5@etsy.com,Male
799,Florian,Gauvin,fgauvinm6@eventbrite.com,Male
800,Rolland,Coils,rcoilsm7@rambler.ru,Male
801,Giustino,Leyfield,gleyfieldm8@mozilla.com,Male
802,Mitchel,Cleeve,mcleevem9@comcast.net,Male
803,Bailey,Denny,bdennyma@live.com,Male
804,Rica,Antonomoli,rantonomolimb@walmart.com,Female
805,Kimmi,Saxon,ksaxonmc@ifeng.com,Female
806,Archaimbaud,Edgeler,aedgelermd@pcworld.com,Male
807,Charley,Hearfield,chearfieldme@tmall.com,Male
808,Dennet,Billsberry,dbillsberrymf@nbcnews.com,Male
809,Haskell,Klee,hkleemg@1688.com,Male
810,Veronike,Darco,vdarcomh@g.co,Female
811,Datha,Castri,dcastrimi@51.la,Female
812,Joann,Brightey,jbrighteymj@example.com,Female
813,Raychel,Cuming,rcumingmk@zdnet.com,Female
814,Edd,Monkton,emonktonml@4shared.com,Genderqueer
815,Dorena,Delmage,ddelmagemm@independent.co.uk,Female
816,Hartwell,Hanretty,hhanrettymn@github.com,Male
817,Felipa,Cathery,fcatherymo@hp.com,Female
818,Margy,Mitten,mmittenmp@sourceforge.net,Female
819,Joanne,Cabedo,jcabedomq@uol.com.br,Female
820,Micki,Trevorrow,mtrevorrowmr@google.com.br,Female
821,Mirabelle,Trasler,mtraslerms@odnoklassniki.ru,Female
822,Quill,Powe,qpowemt@shinystat.com,Male
823,Esme,Grouse,egrousemu@wikimedia.org,Female
824,Zebedee,Gouge,zgougemv@ftc.gov,Male
825,Lloyd,Belsham,lbelshammw@amazon.co.jp,Male
826,Lezlie,Lardier,llardiermx@buzzfeed.com,Female
827,Jasmin,Fitzpayn,jfitzpaynmy@prnewswire.com,Female
828,Abrahan,Janjusevic,ajanjusevicmz@comcast.net,Male
829,Ferdinand,Luca,flucan0@yelp.com,Male
830,Britt,Hasel,bhaseln1@webmd.com,Female
831,Marten,Prattington,mprattingtonn2@people.com.cn,Male
832,Damaris,Dimont,ddimontn3@weebly.com,Female
833,Penrod,Rate,praten4@blogtalkradio.com,Male
834,Arni,Blanckley,ablanckleyn5@freewebs.com,Male
835,Tierney,Mannin,tmanninn6@about.com,Female
836,Ailbert,Bugbird,abugbirdn7@usa.gov,Male
837,Basilio,Fakes,bfakesn8@scribd.com,Male
838,Issiah,Bowcock,ibowcockn9@twitpic.com,Male
839,Amye,Milner,amilnerna@npr.org,Female
840,Rex,Portis,rportisnb@stumbleupon.com,Male
841,Josepha,Spinas,jspinasnc@europa.eu,Female
842,Enrico,Braidon,ebraidonnd@devhub.com,Male
843,Mariquilla,Laherty,mlahertyne@sciencedaily.com,Female
844,Yehudi,Goulbourn,ygoulbournnf@patch.com,Male
845,Billy,Trevain,btrevainng@arizona.edu,Male
846,Nap,Cowoppe,ncowoppenh@mashable.com,Male
847,Waldemar,Shatliffe,wshatliffeni@arizona.edu,Bigender
848,Tades,Shirtcliffe,tshirtcliffenj@oracle.com,Male
849,Eric,Hartington,ehartingtonnk@eventbrite.com,Male
850,Daune,Dri,ddrinl@netlog.com,Female
851,Alex,Goodfellow,agoodfellownm@123-reg.co.uk,Female
852,Doug,Deshon,ddeshonnn@ibm.com,Male
853,Corrie,Casebourne,ccasebourneno@sphinn.com,Male
854,Christabella,Saterweyte,csaterweytenp@sciencedaily.com,Female
855,Genevra,Joddens,gjoddensnq@java.com,Female
856,Marcellina,Dallinder,mdallindernr@ehow.com,Female
857,Felisha,Leddie,fleddiens@altervista.org,Female
858,Ketti,Curton,kcurtonnt@mozilla.com,Female
859,Allayne,Fritchley,afritchleynu@symantec.com,Male
860,Halie,Coomes,hcoomesnv@printfriendly.com,Female
861,Cheston,Lepick,clepicknw@ca.gov,Male
862,Lottie,Nesby,lnesbynx@networkadvertising.org,Female
863,Ofilia,Jeanel,ojeanelny@businessinsider.com,Female
864,Torin,Palfrie,tpalfrienz@va.gov,Male
865,Tull,Trevarthen,ttrevartheno0@privacy.gov.au,Male
866,Averil,Gadson,agadsono1@si.edu,Male
867,Huntley,Howlings,hhowlingso2@t.co,Male
868,Christopher,Denley,cdenleyo3@51.la,Male
869,Lindsey,Gambrell,lgambrello4@devhub.com,Female
870,Patty,Copland,pcoplando5@ehow.com,Female
871,Dwayne,Drinkhall,ddrinkhallo6@java.com,Male
872,Payton,Igonet,pigoneto7@salon.com,Male
873,Brad,Pridie,bpridieo8@dell.com,Male
874,Nickolaus,Augie,naugieo9@npr.org,Male
875,Salvidor,Bezarra,sbezarraoa@blogspot.com,Male
876,Demetre,Tollett,dtollettob@europa.eu,Male
877,Stanwood,Brinicombe,sbrinicombeoc@domainmarket.com,Male
878,Sascha,Littell,slittellod@deliciousdays.com,Female
879,Joell,Junifer,jjuniferoe@netlog.com,Female
880,Durant,Klimkowski,dklimkowskiof@newyorker.com,Male
881,Mar,Hempel,mhempelog@walmart.com,Male
882,Moe,Jiran,mjiranoh@goo.gl,Genderqueer
883,Cybil,Geffinger,cgeffingeroi@google.nl,Agender
884,Anna-diana,Ghilardini,aghilardinioj@oaic.gov.au,Female
885,Marcellus,Gonning,mgonningok@lycos.com,Polygender
886,Alf,Dunford,adunfordol@pcworld.com,Male
887,Carey,Powton,cpowtonom@blinklist.com,Male
888,Stewart,Senett,ssenetton@studiopress.com,Male
889,Tibold,Kenewel,tkeneweloo@xing.com,Male
890,Isidore,Rayworth,irayworthop@fema.gov,Male
891,Land,Salack,lsalackoq@foxnews.com,Male
892,Willdon,Deinhardt,wdeinhardtor@blogger.com,Male
893,Bartholomeus,Fayerman,bfayermanos@apache.org,Male
894,Jake,O'Rafferty,joraffertyot@yahoo.co.jp,Non-binary
895,Mickie,Pusill,mpusillou@ibm.com,Female
896,Buddie,Stower,bstowerov@freewebs.com,Male
897,Cordy,McIlvoray,cmcilvorayow@1und1.de,Male
898,Blake,Battisson,bbattissonox@psu.edu,Female
899,Florenza,Dow,fdowoy@si.edu,Non-binary
900,Florry,Strute,fstruteoz@ucoz.com,Female
901,Hannah,Bonsul,hbonsulp0@thetimes.co.uk,Female
902,Noelyn,Calcut,ncalcutp1@redcross.org,Female
903,Gael,Targe,gtargep2@google.ca,Female
904,Gavrielle,Tiesman,gtiesmanp3@microsoft.com,Female
905,Goldina,Latour,glatourp4@webeden.co.uk,Female
906,Olympie,Jowett,ojowettp5@cnn.com,Female
907,Greta,Claybourn,gclaybournp6@phoca.cz,Female
908,Gabrielle,Ackerley,gackerleyp7@ca.gov,Female
909,Charlton,Warmington,cwarmingtonp8@qq.com,Male
910,Ibrahim,Brearton,ibreartonp9@uol.com.br,Male
911,Berte,Gration,bgrationpa@washingtonpost.com,Female
912,Micah,Gavahan,mgavahanpb@artisteer.com,Male
913,Hersch,Shailer,hshailerpc@techcrunch.com,Polygender
914,Giusto,Newrick,gnewrickpd@quantcast.com,Male
915,Patrick,Onn,ponnpe@businessinsider.com,Male
916,Briant,Ammer,bammerpf@ihg.com,Male
917,Tynan,McGunley,tmcgunleypg@ftc.gov,Male
918,Betsy,Philipsson,bphilipssonph@cbc.ca,Female
919,Harlen,Franklen,hfranklenpi@mayoclinic.com,Male
920,Carroll,Kitt,ckittpj@weather.com,Female
921,Northrup,Iliff,niliffpk@blogger.com,Male
922,Hugibert,Purvess,hpurvesspl@livejournal.com,Male
923,Jsandye,Mora,jmorapm@mozilla.org,Female
924,Darby,Teek,dteekpn@vinaora.com,Male
925,Hirsch,Risebarer,hrisebarerpo@phpbb.com,Male
926,Luisa,Bonson,lbonsonpp@marriott.com,Female
927,Margeaux,Pickervance,mpickervancepq@cbc.ca,Female
928,Haywood,Bowater,hbowaterpr@rambler.ru,Male
929,Kakalina,Fackney,kfackneyps@jiathis.com,Female
930,Angie,Dillinton,adillintonpt@omniture.com,Female
931,Elbert,McGrayle,emcgraylepu@washingtonpost.com,Male
932,Darcie,Bixley,dbixleypv@drupal.org,Female
933,Tedie,Gabbott,tgabbottpw@jalbum.net,Male
934,Karlie,Sancroft,ksancroftpx@google.com.au,Female
935,Burty,Dodell,bdodellpy@nature.com,Male
936,Beck,Copo,bcopopz@xrea.com,Male
937,Lonnie,Riccioppo,lriccioppoq0@aboutads.info,Female
938,Lazar,Hancke,lhanckeq1@vk.com,Male
939,Cyndi,Bruckshaw,cbruckshawq2@oakley.com,Female
940,Sorcha,McIntosh,smcintoshq3@ezinearticles.com,Female
941,Boot,Baine,bbaineq4@army.mil,Male
942,Tamas,Dilon,tdilonq5@histats.com,Male
943,Weylin,McWilliam,wmcwilliamq6@flavors.me,Genderqueer
944,Florenza,Grundwater,fgrundwaterq7@163.com,Female
945,Tamqrah,Liquorish,tliquorishq8@bbb.org,Bigender
946,Letti,Jaxon,ljaxonq9@economist.com,Female
947,Val,Mandeville,vmandevilleqa@thetimes.co.uk,Female
948,Joey,Sans,jsansqb@dropbox.com,Female
949,Kelwin,MacKowle,kmackowleqc@live.com,Male
950,Vanessa,Leefe,vleefeqd@ibm.com,Female
951,Gwyn,Norwich,gnorwichqe@berkeley.edu,Female
952,Herschel,Kinmond,hkinmondqf@ezinearticles.com,Male
953,Horacio,McKeowon,hmckeowonqg@cnn.com,Male
954,Charlean,Guswell,cguswellqh@forbes.com,Female
955,Jocelin,Garvin,jgarvinqi@nih.gov,Female
956,Jecho,McCleverty,jmcclevertyqj@comsenz.com,Male
957,Raina,Berry,rberryqk@taobao.com,Female
958,Idalina,Fannon,ifannonql@smugmug.com,Female
959,Pippa,Mapother,pmapotherqm@google.com.hk,Female
960,Beaufort,Kenyam,bkenyamqn@w3.org,Male
961,Gayla,Neaves,gneavesqo@samsung.com,Female
962,Fina,Blackhurst,fblackhurstqp@nature.com,Female
963,Quintana,Cordelette,qcordeletteqq@prweb.com,Female
964,Brock,Hardman,bhardmanqr@yale.edu,Male
965,Francklin,Bly,fblyqs@skype.com,Male
966,Adelaide,Werny,awernyqt@google.ca,Female
967,Bram,Brewin,bbrewinqu@squidoo.com,Male
968,Brod,Allridge,ballridgeqv@google.co.jp,Male
969,Kynthia,Wenman,kwenmanqw@mozilla.com,Female
970,Josy,Raynard,jraynardqx@netscape.com,Female
971,Yevette,Wardle,ywardleqy@marriott.com,Genderfluid
972,Carolus,Myers,cmyersqz@vk.com,Male
973,Wilhelm,Weller,wwellerr0@hugedomains.com,Agender
974,Gwenni,Schole,gscholer1@wisc.edu,Female
975,Derwin,Darlington,ddarlingtonr2@oaic.gov.au,Genderqueer
976,Hamid,Dussy,hdussyr3@jigsy.com,Male
977,Annemarie,Barbary,abarbaryr4@over-blog.com,Female
978,Nyssa,Penreth,npenrethr5@adobe.com,Female
979,Karly,Renoden,krenodenr6@stanford.edu,Non-binary
980,Irving,Feldmus,ifeldmusr7@nba.com,Male
981,Beale,Daunter,bdaunterr8@hp.com,Male
982,Lurline,Fishbourn,lfishbournr9@mozilla.com,Agender
983,Cherise,Wyatt,cwyattra@chronoengine.com,Female
984,Daveen,Barnsley,dbarnsleyrb@theatlantic.com,Female
985,Tracie,Johnikin,tjohnikinrc@howstuffworks.com,Female
986,Violetta,Coatts,vcoattsrd@ed.gov,Female
987,Doralynn,Weatherburn,dweatherburnre@bbc.co.uk,Female
988,Jennette,MacDougall,jmacdougallrf@taobao.com,Female
989,Maggee,Stubbeley,mstubbeleyrg@unc.edu,Female
990,Reinald,Russe,rrusserh@washingtonpost.com,Male
991,Dewitt,Chinnock,dchinnockri@linkedin.com,Male
992,Jacquenette,Petrollo,jpetrollorj@wix.com,Female
993,Linus,Pasfield,lpasfieldrk@ted.com,Male
994,Herve,Bassford,hbassfordrl@mail.ru,Male
995,Brigham,Gilby,bgilbyrm@sciencedaily.com,Genderfluid
996,Bev,Shuttleworth,bshuttleworthrn@berkeley.edu,Female
997,Kattie,Comberbach,kcomberbachro@nps.gov,Female
998,Anabelle,Campes,acampesrp@delicious.com,Female
999,Archy,Ick,aickrq@soundcloud.com,Male
1000,Lorilyn,Shotbolt,lshotboltrr@jalbum.net,Female
